"id","name","dataforseo_location_code","language_code","is_active","created_at","updated_at"
"loc_1","Dubai - United Arab Emirates","2781","en-AE","true","""2025-12-01T07:43:23.761Z""","""2025-12-01T07:43:23.761Z"""
"loc_10","Houston - United States","2500","en-US","true","""2025-12-01T07:43:23.786Z""","""2025-12-01T07:43:23.786Z"""
"loc_11","Washington - United States","2518","en-US","true","""2025-12-01T07:43:23.817Z""","""2025-12-01T07:43:23.817Z"""
"loc_12","Miami - United States","2423","en-US","true","""2025-12-01T07:43:23.840Z""","""2025-12-01T07:43:23.840Z"""
"loc_13","San Francisco - United States","2481","en-US","true","""2025-12-01T07:43:23.862Z""","""2025-12-01T07:43:23.862Z"""
"loc_14","California - United States","21133","en-US","true","""2025-12-01T07:43:23.886Z""","""2025-12-01T07:43:23.886Z"""
"loc_15","Doha Qatar","2903","ar-QA","true","""2025-12-01T07:43:23.910Z""","""2025-12-01T07:43:23.910Z"""
"loc_16","Toronto - Canada","2650","en-CA","true","""2025-12-01T07:43:23.935Z""","""2025-12-01T07:43:23.935Z"""
"loc_17","Denver - United States","2404","en-US","true","""2025-12-01T07:43:23.959Z""","""2025-12-01T07:43:23.959Z"""
"loc_18","Boston - United States","2322","en-US","true","""2025-12-01T07:43:23.983Z""","""2025-12-01T07:43:23.983Z"""
"loc_19","United States","2840","en-US","true","""2025-12-01T07:43:24.008Z""","""2025-12-01T07:43:24.008Z"""
"loc_2","New Jersey - United States","21167","en-US","true","""2025-12-01T07:43:24.036Z""","""2025-12-01T07:43:24.036Z"""
"loc_20","Jeddah - Saudi Arabia","2783","ar-SA","true","""2025-12-01T07:43:24.060Z""","""2025-12-01T07:43:24.060Z"""
"loc_21","Canada","2124","en-CA","true","""2025-12-01T07:43:24.083Z""","""2025-12-01T07:43:24.083Z"""
"loc_22","Bahrain","2914","ar-BH","true","""2025-12-01T07:43:24.108Z""","""2025-12-01T07:43:24.108Z"""
"loc_23","Saudi Arabia","2780","ar-SA","true","""2025-12-01T07:43:24.131Z""","""2025-12-01T07:43:24.131Z"""
"loc_3","Austin - United States","2357","en-US","true","""2025-12-01T07:43:24.154Z""","""2025-12-01T07:43:24.154Z"""
"loc_4","New York - United States","2458","en-US","true","""2025-12-01T07:43:24.177Z""","""2025-12-01T07:43:24.177Z"""
"loc_5","Dallas - United States","2511","en-US","true","""2025-12-01T07:43:24.200Z""","""2025-12-01T07:43:24.200Z"""
"loc_6","Riyadh - Saudi Arabia","2782","ar-SA","true","""2025-12-01T07:43:24.223Z""","""2025-12-01T07:43:24.223Z"""
"loc_7","Abu Dhabi - United Arab Emirates","2780","en-AE","true","""2025-12-01T07:43:24.246Z""","""2025-12-01T07:43:24.246Z"""
"loc_8","London - United Kingdom","2826","en-GB","true","""2025-12-01T07:43:24.269Z""","""2025-12-01T07:43:24.269Z"""
"loc_9","Chicago - United States","2392","en-US","true","""2025-12-01T07:43:24.292Z""","""2025-12-01T07:43:24.292Z"""