keyword_text,current_priority,current_track_daily,proposed_list,agent_notes
crm development service,P0,false,Broad Service Terms,
custom website development services,P0,false,Broad Service Terms,
mobile app company uk,P0,false,Broad Service Terms,
mobile app development companies in san francisco,P0,false,Broad Service Terms,
mobile app development company in saudi arabia,P0,false,Broad Service Terms,
mobile app development company san francisco,P0,false,Broad Service Terms,
2d game development company,P1,false,Broad Service Terms,
ai automation agency,P1,false,Broad Service Terms,
ai automation agency services,P1,false,Broad Service Terms,
ai automation companies,P1,false,Broad Service Terms,
ai mvp,P1,false,Broad Service Terms,
android app developers nyc,P1,false,Broad Service Terms,
android app development company in uk,P1,false,Broad Service Terms,
android app development company uk,P1,false,Broad Service Terms,
app developer miami,P1,false,Broad Service Terms,
app developer nyc,P1,false,Broad Service Terms,
app developers california,P1,false,Broad Service Terms,
app developers chicago,P1,false,Broad Service Terms,
app developers in chicago,P1,false,Broad Service Terms,
app developers in dc,P1,false,Broad Service Terms,
app developers in denver,P1,false,Broad Service Terms,
app developers in miami,P1,false,Broad Service Terms,
app developers manchester,P1,false,Broad Service Terms,
app developers nyc,P1,false,Broad Service Terms,
app development agency in new york,P1,false,Broad Service Terms,
app development chicago,P1,false,Broad Service Terms,
app development companies nyc,P1,false,Broad Service Terms,
app development company chicago,P1,false,Broad Service Terms,
app development company uk,P1,false,Broad Service Terms,
app development denver,P1,false,Broad Service Terms,
app development new york,P1,false,Broad Service Terms,
app development toronto,P1,false,Broad Service Terms,
average cost to develop an iphone app,P1,false,Broad Service Terms,
average mobile game revenue,P1,false,Broad Service Terms,
best currency exchange app,P1,false,Broad Service Terms,
cash check online instantly,P1,false,Broad Service Terms,
chatbot app development,P1,false,Broad Service Terms,
chicago app development company,P1,false,Broad Service Terms,
chicago mobile app developers,P1,false,Broad Service Terms,
currency exchange app,P1,false,Broad Service Terms,
currency exchange apps,P1,false,Broad Service Terms,
custom app development toronto,P1,false,Broad Service Terms,
custom mvp development,P1,false,Broad Service Terms,
denver app development,P1,false,Broad Service Terms,
denver mobile application development,P1,false,Broad Service Terms,
denver web app development,P1,false,Broad Service Terms,
development software examples,P1,false,Broad Service Terms,
digital marketing agencies usa,P1,false,Broad Service Terms,
digital marketing agency united states,P1,false,Broad Service Terms,
digital marketing companies usa,P1,false,Broad Service Terms,
digital marketing in usa,P1,false,Broad Service Terms,
dubai web design company,P1,false,Broad Service Terms,
ecommerce app development dubai,P1,false,Broad Service Terms,
example of software development,P1,false,Broad Service Terms,
flutter app development cost,P1,false,Broad Service Terms,
free currency converter app,P1,false,Broad Service Terms,
hard launch vs soft launch,P1,false,Broad Service Terms,
healthcare mobile app development services,P1,false,Broad Service Terms,
houston app developers,P1,false,Broad Service Terms,
how do mobile games make money,P1,false,Broad Service Terms,Review: informational-intent P1 — may belong in Content Keywords
how many apps are created a day,P1,false,Broad Service Terms,Review: informational-intent P1 — may belong in Content Keywords
how many apps are created a day?,P1,false,Broad Service Terms,
how many apps are downloaded a day,P1,false,Broad Service Terms,
how much do mobile games make per ad,P1,false,Broad Service Terms,
how much does it cost to build an ios app,P1,false,Broad Service Terms,
how much money do mobile games make from ads,P1,false,Broad Service Terms,
how much money do mobile games make per ad,P1,false,Broad Service Terms,
ios app development company in uk,P1,false,Broad Service Terms,
ios app development company uk,P1,false,Broad Service Terms,
iphone app development companies nyc,P1,false,Broad Service Terms,
iphone app development company new york,P1,false,Broad Service Terms,
iphone app development company nyc,P1,false,Broad Service Terms,
iphone app development nyc,P1,false,Broad Service Terms,
iphone apps development company in uk,P1,false,Broad Service Terms,
it staff augmentation company,P1,false,Broad Service Terms,
it staff augmentation services,P1,false,Broad Service Terms,
logo design company,P1,false,Broad Service Terms,
logo design services,P1,false,Broad Service Terms,
los angeles app development company,P1,false,Broad Service Terms,
metaverse app development company,P1,false,Broad Service Terms,
mobile app companies in new york,P1,false,Broad Service Terms,
mobile app companies in usa,P1,false,Broad Service Terms,
mobile app company in usa,P1,false,Broad Service Terms,
mobile app development agencies new york,P1,false,Broad Service Terms,
mobile app development agency new york,P1,false,Broad Service Terms,
mobile app development company denver,P1,false,Broad Service Terms,
mobile app development company in chicago,P1,false,Broad Service Terms,
mobile app development company in new york,P1,false,Broad Service Terms,
mobile app development company in toronto,P1,false,Broad Service Terms,
mobile app development company in uk,P1,false,Broad Service Terms,
mobile app development company manchester,P1,false,Broad Service Terms,
mobile app development company new york,P1,false,Broad Service Terms,
mobile app development company texas,P1,false,Broad Service Terms,
mobile app development company toronto,P1,false,Broad Service Terms,
mobile app development company uk,P1,false,Broad Service Terms,
mobile app development company usa,P1,false,Broad Service Terms,
mobile app development houston,P1,false,Broad Service Terms,
mobile app development new york,P1,false,Broad Service Terms,
mobile app development services chicago,P1,false,Broad Service Terms,
mobile app development services toronto,P1,false,Broad Service Terms,
mobile app development services uk,P1,false,Broad Service Terms,
mobile app development texas,P1,false,Broad Service Terms,
mobile app development toronto,P1,false,Broad Service Terms,
mobile app development uk,P1,false,Broad Service Terms,
mobile app game development companies,P1,false,Broad Service Terms,
mobile development company uk,P1,false,Broad Service Terms,
mvp application development,P1,false,Broad Service Terms,
mvp development agency,P1,false,Broad Service Terms,
mvp development company,P1,false,Broad Service Terms,
mvp development services,P1,false,Broad Service Terms,
mvp for startups,P1,false,Broad Service Terms,
mvp software development,P1,false,Broad Service Terms,
mvp software development company,P1,false,Broad Service Terms,
new york app development,P1,false,Broad Service Terms,
new york app development company,P1,false,Broad Service Terms,
new york app developers,P1,false,Broad Service Terms,
new york mobile app development,P1,false,Broad Service Terms,
new york mobile app development company,P1,false,Broad Service Terms,
nft development company,P1,false,Broad Service Terms,
nft game development company,P1,false,Broad Service Terms,
nyc app developer,P1,false,Broad Service Terms,
nyc app developers,P1,false,Broad Service Terms,
nyc app development company,P1,false,Broad Service Terms,
nyc mobile app developer,P1,false,Broad Service Terms,
nyc mobile app developers,P1,false,Broad Service Terms,
nyc mobile app development,P1,false,Broad Service Terms,
react native development company,P1,false,Broad Service Terms,
react native development services,P1,false,Broad Service Terms,
saas product development company,P1,false,Broad Service Terms,
software development example,P1,false,Broad Service Terms,
software development examples,P1,false,Broad Service Terms,
texas mobile app development company,P1,false,Broad Service Terms,
top mobile app development companies in new york,P1,false,Broad Service Terms,
top mobile app development companies new york,P1,false,Broad Service Terms,
top mobile app development companies nyc,P1,false,Broad Service Terms,
ui ux design agency,P1,false,Broad Service Terms,
ui ux design company,P1,false,Broad Service Terms,
ui ux design services,P1,false,Broad Service Terms,
ux design agency,P1,false,Broad Service Terms,
web app development company,P1,false,Broad Service Terms,
web app development services,P1,false,Broad Service Terms,
web application development services,P1,false,Broad Service Terms,
web developer manchester,P1,false,Broad Service Terms,
web development agency uk,P1,false,Broad Service Terms,
web development company chicago,P1,false,Broad Service Terms,
web development company in toronto,P1,false,Broad Service Terms,
web development company toronto,P1,false,Broad Service Terms,
web development company uk,P1,false,Broad Service Terms,
web development company usa,P1,false,Broad Service Terms,
web development in chicago,P1,false,Broad Service Terms,
web development toronto,P1,false,Broad Service Terms,
web development uk,P1,false,Broad Service Terms,
website development company usa,P1,false,Broad Service Terms,
what is the typical timeline of a poc?,P1,false,Broad Service Terms,Review: informational-intent P1 — may belong in Content Keywords
3d game development company,P2,false,Broad Service Terms,
android app development company in us,P2,false,Broad Service Terms,
android app development company usa,P2,false,Broad Service Terms,
android app development usa,P2,false,Broad Service Terms,
app development company in usa,P2,false,Broad Service Terms,
app development company us,P2,false,Broad Service Terms,
app development company usa,P2,false,Broad Service Terms,
app development usa,P2,false,Broad Service Terms,
best mobile app development company in usa,P2,false,Broad Service Terms,
blockchain development company,P2,false,Broad Service Terms,
cryptocurrency app development company,P2,false,Broad Service Terms,
game development company,P2,false,Broad Service Terms,
ios app development company usa,P2,false,Broad Service Terms,
mobile app developer los angeles,P2,false,Broad Service Terms,
mobile app development company in los angeles,P2,false,Broad Service Terms,
mobile app development company in us,P2,false,Broad Service Terms,
mobile app development company los angeles,P2,false,Broad Service Terms,
mobile app development company usa,P2,false,Broad Service Terms,
mobile app development los angeles,P2,false,Broad Service Terms,
mobile app development usa,P2,false,Broad Service Terms,
mobile application development company usa,P2,false,Broad Service Terms,
mobile application development usa,P2,false,Broad Service Terms,
top mobile app development companies usa,P2,false,Broad Service Terms,
website development company in usa,P2,false,Broad Service Terms,
website development company usa,P2,false,Broad Service Terms,
website development usa,P2,false,Broad Service Terms,
mobile app development,,false,Broad Service Terms,
apps like fortnite,P1,false,Content Keywords,
apps like tiktok,P2,true,Content Keywords,Edge case: is_branded=true but service/cost intent — may belong in Broad Service Terms
digital marketing service provider,P3,false,Content Keywords,
digital marketing services company,P3,false,Content Keywords,
fortnite alternatives,P3,false,Content Keywords,
games like fortnite,P3,false,Content Keywords,
how much is fortnite worth,P3,false,Content Keywords,
how much money does fortnite make,P3,false,Content Keywords,
how much revenue does fortnite make,P3,false,Content Keywords,
instagram alternatives,P3,false,Content Keywords,
iphone app developer cost,P1,true,Content Keywords,Edge case: is_branded=true but service/cost intent — may belong in Broad Service Terms
iphone app development cost,P1,true,Content Keywords,Edge case: is_branded=true but service/cost intent — may belong in Broad Service Terms
is fortnite dead,P3,false,Content Keywords,
musi alternative,P3,false,Content Keywords,
musi alternatives,P3,false,Content Keywords,
payday loan apps iphone,P3,false,Content Keywords,
reddit alternatives,P3,false,Content Keywords,
tiktok alternatives,P3,false,Content Keywords,
uber like app development cost,P1,true,Content Keywords,Edge case: is_branded=true but service/cost intent — may belong in Broad Service Terms
what is fortnite worth,P3,false,Content Keywords,
what is new in gaming technology jogametech,P3,false,Content Keywords,
apps like instagram,P3,false,Content Keywords,
apps like musi,P3,false,Content Keywords,
apps like reddit,P3,false,Content Keywords,
apps like tinder,P3,false,Content Keywords,
apps like youtube,P3,false,Content Keywords,
are gaming apps profitable,P3,false,Content Keywords,
best apps like musi,P3,false,Content Keywords,
best free stock trading apps for beginners,P3,false,Content Keywords,
best music streaming app,P3,false,Content Keywords,
best payday loan apps,P3,false,Content Keywords,
best social media apps,P3,false,Content Keywords,
best trading apps for beginners,P3,false,Content Keywords,
cash advance apps that work with chime,P3,false,Content Keywords,
cryptocurrency apps,P3,false,Content Keywords,
free music apps,P3,false,Content Keywords,
free music streaming apps,P3,false,Content Keywords,
how many people play fortnite,P3,false,Content Keywords,
how much can you make with a gaming app,P3,false,Content Keywords,
how much do app developers make,P3,false,Content Keywords,
how much do app developers make per app,P3,false,Content Keywords,
how much do apps make per download,P3,false,Content Keywords,
how much does a fortnite account cost,P3,false,Content Keywords,
how much does fortnite make a day,P3,false,Content Keywords,
how much does it cost to make a music streaming app,P3,false,Content Keywords,
how much does it cost to make an app,P3,false,Content Keywords,
how much money can you make from an app,P3,false,Content Keywords,
how much money do apps make,P3,false,Content Keywords,
how much money does fortnite make a day,P3,false,Content Keywords,
how to make money from apps,P3,false,Content Keywords,
how to make money with apps,P3,false,Content Keywords,
instant cash advance apps,P3,false,Content Keywords,
instant loan apps,P3,false,Content Keywords,
is it profitable to make a mobile game,P3,false,Content Keywords,
loan apps,P3,false,Content Keywords,
loan apps online,P3,false,Content Keywords,
money transfer apps,P3,false,Content Keywords,
musi app alternative,P3,false,Content Keywords,
music apps for android,P3,false,Content Keywords,
music streaming apps,P3,false,Content Keywords,
payday advance apps,P3,false,Content Keywords,
payday loan app,P3,false,Content Keywords,
payday loan apps,P3,false,Content Keywords,
payday loan online app,P3,false,Content Keywords,
simple loan app,P3,false,Content Keywords,
social media apps,P3,false,Content Keywords,
social networking apps,P3,false,Content Keywords,
sports betting apps that give you real money,P3,false,Content Keywords,
stock market app for beginners,P3,false,Content Keywords,
stock trading apps,P3,false,Content Keywords,
uber like app,P3,false,Content Keywords,
what is the most popular music streaming app,P3,false,Content Keywords,
youtube alternatives,P3,false,Content Keywords,
app development companies houston,P0,true,Geo Service Keywords,
crm development services,P0,true,Geo Service Keywords,
app development company houston,P1,true,Geo Service Keywords,
app development company new jersey,P1,true,Geo Service Keywords,
crm software development,P1,true,Geo Service Keywords,
houston mobile app development,P1,true,Geo Service Keywords,
mobile app development company houston,P1,true,Geo Service Keywords,
app development in new jersey,P2,true,Geo Service Keywords,
mobile app development new jersey,P2,true,Geo Service Keywords,
music app development company,P2,true,Geo Service Keywords,
android app development services,P3,true,Geo Service Keywords,
app builder,P3,true,Geo Service Keywords,
app building company,P3,true,Geo Service Keywords,
app design company,P3,true,Geo Service Keywords,
app design services,P3,true,Geo Service Keywords,
app developer,P3,true,Geo Service Keywords,
app developer houston,P3,true,Geo Service Keywords,
app developer in houston,P3,true,Geo Service Keywords,
app developer new jersey,P3,true,Geo Service Keywords,
app development,P3,true,Geo Service Keywords,
app development agency,P3,true,Geo Service Keywords,
app development company,P3,true,Geo Service Keywords,
app development company in houston,P3,true,Geo Service Keywords,
app development company in new jersey,P3,true,Geo Service Keywords,
app development houston,P3,true,Geo Service Keywords,
app development in houston,P3,true,Geo Service Keywords,
app development new jersey,P3,true,Geo Service Keywords,
app development nj,P3,true,Geo Service Keywords,
app developers houston,P3,true,Geo Service Keywords,
app developers in houston,P3,true,Geo Service Keywords,
app developers in new jersey,P3,true,Geo Service Keywords,
app developers new jersey,P3,true,Geo Service Keywords,
app developers nj,P3,true,Geo Service Keywords,
app software development,P3,true,Geo Service Keywords,
application development,P3,true,Geo Service Keywords,
application development company,P3,true,Geo Service Keywords,
best app developers,P3,true,Geo Service Keywords,
best app development companies,P3,true,Geo Service Keywords,
best app development company,P3,true,Geo Service Keywords,
best mobile app development company,P3,true,Geo Service Keywords,
best mobile app developers,P3,true,Geo Service Keywords,
blockchain app development company,P3,true,Geo Service Keywords,
blockchain development services,P3,true,Geo Service Keywords,
business app development,P3,true,Geo Service Keywords,
chatbot development services,P3,true,Geo Service Keywords,
cloud app development,P3,true,Geo Service Keywords,
cms website development,P3,true,Geo Service Keywords,
company mobile application,P3,true,Geo Service Keywords,
create a mobile app,P3,true,Geo Service Keywords,
cross platform app development,P3,true,Geo Service Keywords,
crm development company,P3,true,Geo Service Keywords,
crm software development company,P3,true,Geo Service Keywords,
crm software development services,P3,true,Geo Service Keywords,
cryptocurrency exchange development,P3,true,Geo Service Keywords,
custom application development,P3,true,Geo Service Keywords,
custom app development,P3,true,Geo Service Keywords,
custom app development company,P3,true,Geo Service Keywords,
custom app development services,P3,true,Geo Service Keywords,
custom crm development,P3,true,Geo Service Keywords,
custom crm development company,P3,true,Geo Service Keywords,
custom crm development services,P3,true,Geo Service Keywords,
custom mobile app development,P3,true,Geo Service Keywords,
custom mobile app development company,P3,true,Geo Service Keywords,
custom mobile app development services,P3,true,Geo Service Keywords,
custom mobile application development,P3,true,Geo Service Keywords,
custom software development,P3,true,Geo Service Keywords,
custom software development company,P3,true,Geo Service Keywords,
custom software development services,P3,true,Geo Service Keywords,
custom web application development services,P3,true,Geo Service Keywords,
custom web development,P3,true,Geo Service Keywords,
custom web development services,P3,true,Geo Service Keywords,
custom website design services,P3,true,Geo Service Keywords,
custom website development,P3,true,Geo Service Keywords,
dating app development,P3,true,Geo Service Keywords,
dating app development company,P3,true,Geo Service Keywords,
e commerce development,P3,true,Geo Service Keywords,
e commerce web development services,P3,true,Geo Service Keywords,
ecommerce app development,P3,true,Geo Service Keywords,
ecommerce development company,P3,true,Geo Service Keywords,
ecommerce web design company,P3,true,Geo Service Keywords,
ecommerce web development,P3,true,Geo Service Keywords,
ecommerce web development company,P3,true,Geo Service Keywords,
ecommerce web development services,P3,true,Geo Service Keywords,
ecommerce website design,P3,true,Geo Service Keywords,
ecommerce website design company,P3,true,Geo Service Keywords,
ecommerce website development company,P3,true,Geo Service Keywords,
enterprise app development,P3,true,Geo Service Keywords,
enterprise mobile app development,P3,true,Geo Service Keywords,
enterprise mobile application development,P3,true,Geo Service Keywords,
enterprise software development company,P3,true,Geo Service Keywords,
enterprise software development services,P3,true,Geo Service Keywords,
fintech app development company,P3,true,Geo Service Keywords,
food delivery app development company,P3,true,Geo Service Keywords,
game development company near me,P3,true,Geo Service Keywords,
healthcare app development company,P3,true,Geo Service Keywords,
hire app developers,P3,true,Geo Service Keywords,
hire mobile app developers,P3,true,Geo Service Keywords,
houston app developer,P3,true,Geo Service Keywords,
houston mobile app developer,P3,true,Geo Service Keywords,
houston mobile app developers,P3,true,Geo Service Keywords,
houston mobile app development company,P3,true,Geo Service Keywords,
houston web design,P3,true,Geo Service Keywords,
houston web design company,P3,true,Geo Service Keywords,
houston web developer,P3,true,Geo Service Keywords,
houston web development,P3,true,Geo Service Keywords,
houston website design,P3,true,Geo Service Keywords,
houston website development,P3,true,Geo Service Keywords,
ibeacon app development,P3,true,Geo Service Keywords,
iot app development company,P3,true,Geo Service Keywords,
ios app developers,P3,true,Geo Service Keywords,
ios app development company,P3,true,Geo Service Keywords,
ios app development company usa,P3,true,Geo Service Keywords,
ios app development services,P3,true,Geo Service Keywords,
ios development company,P3,true,Geo Service Keywords,
iphone app developer,P3,true,Geo Service Keywords,
iphone app development,P3,true,Geo Service Keywords,
iphone app development company,P3,true,Geo Service Keywords,
iphone app development company in usa,P3,true,Geo Service Keywords,
iphone app development company usa,P3,true,Geo Service Keywords,
iphone app development services,P3,true,Geo Service Keywords,
iphone app development usa,P3,true,Geo Service Keywords,
iphone application development,P3,true,Geo Service Keywords,
iphone application development company,P3,true,Geo Service Keywords,
local app developers,P3,true,Geo Service Keywords,
logistics app development company,P3,true,Geo Service Keywords,
loyalty app development,P3,true,Geo Service Keywords,
loyalty program app development,P3,true,Geo Service Keywords,
metaverse development company,P3,true,Geo Service Keywords,
mobile app builders,P3,true,Geo Service Keywords,
mobile app design services,P3,true,Geo Service Keywords,
mobile app developer,P3,true,Geo Service Keywords,
mobile app developer houston,P3,true,Geo Service Keywords,
mobile app developer near me,P3,true,Geo Service Keywords,
mobile app development companies,P3,true,Geo Service Keywords,
mobile app development company,P3,true,Geo Service Keywords,
mobile app development company in USA,P3,true,Geo Service Keywords,
mobile app development company in usa,P3,true,Geo Service Keywords,
mobile app development company near me,P3,true,Geo Service Keywords,
mobile app development company nj,P3,true,Geo Service Keywords,
mobile app development in KSA,P3,true,Geo Service Keywords,
mobile app development in dubai,P3,true,Geo Service Keywords,
mobile app development miami,P3,true,Geo Service Keywords,
mobile app development near me,P3,true,Geo Service Keywords,
mobile app development toronto,P3,true,Geo Service Keywords,
mobile app development uk,P3,true,Geo Service Keywords,
music app development services,P3,true,Geo Service Keywords,
music streaming app development company,P3,true,Geo Service Keywords,
on demand mobile app development,P3,true,Geo Service Keywords,
on demand service app development,P3,true,Geo Service Keywords,
professional website development services,P3,true,Geo Service Keywords,
staff augmentation company,P3,true,Geo Service Keywords,
staff augmentation services,P3,true,Geo Service Keywords,
uk app developers,P3,true,Geo Service Keywords,
web design agency dubai,P3,true,Geo Service Keywords,
web design company,P3,true,Geo Service Keywords,
web design company dubai,P3,true,Geo Service Keywords,
web design company in dubai,P3,true,Geo Service Keywords,
web design company nj,P3,true,Geo Service Keywords,
web design dubai,P3,true,Geo Service Keywords,
web design in dubai,P3,true,Geo Service Keywords,
web development companies in dubai,P3,true,Geo Service Keywords,
web development company dubai,P3,true,Geo Service Keywords,
web development company in dubai,P3,true,Geo Service Keywords,
web development company new jersey,P3,true,Geo Service Keywords,
web development dubai,P3,true,Geo Service Keywords,
web development new jersey,P3,true,Geo Service Keywords,
web development nj,P3,true,Geo Service Keywords,
web development service dubai,P3,true,Geo Service Keywords,
web development services,P3,true,Geo Service Keywords,
web development services company,P3,true,Geo Service Keywords,
web development services in dubai,P3,true,Geo Service Keywords,
web development services in usa,P3,true,Geo Service Keywords,
web development services usa,P3,true,Geo Service Keywords,
website design companies nj,P3,true,Geo Service Keywords,
website design company New Jersey,P3,true,Geo Service Keywords,
website design company dubai,P3,true,Geo Service Keywords,
website design dubai,P3,true,Geo Service Keywords,
website design in dubai,P3,true,Geo Service Keywords,
website design new jersey,P3,true,Geo Service Keywords,
website designing and development services,P3,true,Geo Service Keywords,
website development,P3,true,Geo Service Keywords,
website development companies in usa,P3,true,Geo Service Keywords,
website development company dubai,P3,true,Geo Service Keywords,
website development company in dubai,P3,true,Geo Service Keywords,
website development company in usa,P3,true,Geo Service Keywords,
website development dubai,P3,true,Geo Service Keywords,
website development nj,P3,true,Geo Service Keywords,
website development solutions,P3,true,Geo Service Keywords,
website development uae,P3,true,Geo Service Keywords,
